email_body,label
Please review the attached document for the ministry's Q2 financial report.,0
The cabinet meeting will be held on Monday at 10:00 AM in the main conference hall.,0
You are invited to attend a cybersecurity workshop hosted by eGA.,0
Here is the updated list of registered voters from NIDA.,0
Kindly find attached the procurement plan for 2024.,0
The Public Service Commission requires all employees to update their profiles via HRMS.,0
TRA will be conducting a taxpayer education seminar next week.,0
Your travel request has been approved by the Ministry of Foreign Affairs.,0
This is a reminder that your NIDA ID card is ready for collection.,0
The president will be addressing the nation on Independence Day via TBC1.,0
Please submit your departmental performance report by end of month.,0
The Ministry of Education has released new curriculum guidelines for 2024.,0
All staff are required to attend the mandatory fire safety training on Friday.,0
The annual public sector salary review has been completed and takes effect next month.,0
Your leave request for December has been approved by your supervisor.,0
A staff meeting is scheduled for Wednesday to discuss the new budget allocation.,0
The Tanzania Communications Regulatory Authority has published new licensing guidelines.,0
The Government Chemist Laboratory Agency invites tenders for laboratory equipment.,0
The National Audit Office will conduct its annual inspection next quarter.,0
All government vehicles must undergo mandatory inspection by December 31.,0
The Ministry of Finance has released the mid-year budget report for review.,0
Your application for the civil service promotion has been received and is under review.,0
Please find attached the signed MOU between our ministry and the World Bank.,0
The eGA system will undergo scheduled maintenance this Saturday from 2 AM to 6 AM.,0
Staff are reminded to submit their annual asset declaration forms by end of quarter.,0
The Ministry of Health has issued updated infection control guidelines for all facilities.,0
Your transfer request to the Dodoma office has been approved effective next month.,0
The procurement committee will review all submitted bids on Thursday afternoon.,0
The Public Service Commission has published the 2024 promotion guidelines for review.,0
All department heads are invited to the strategic planning retreat in Arusha next month.,0
Tafadhali hakiki orodha ya wanafunzi waliopata mikopo kwa mwaka huu.,0
Kumbuka kikao cha bajeti kitafanyika siku ya Jumatatu saa nne asubuhi.,0
Orodha ya waajiriwa wapya imetumwa kupitia mfumo wa HRMS.,0
Uwasilishaji wa ripoti ya matumizi ya wizara utafanyika wiki ijayo.,0
Tafadhali fuatilia ratiba ya semina ya walimu inayofanyika Dodoma.,0
Ripoti ya ukaguzi wa hesabu za serikali imekamilika na ipo tayari kuwasilishwa.,0
Wizara ya Elimu inakualika kwenye mkutano wa wadau wa elimu Dar es Salaam.,0
Fomu za likizo zimesasishwa. Tafadhali pakua toleo jipya kutoka ofisi ya HR.,0
Mikutano ya kamati ya bunge itafanyika Ijumaa. Tafadhali kuwa tayari.,0
Taarifa ya mwaka ya wizara ya fedha imetolewa leo kwa ajili ya mapitio.,0
Wafanyakazi wote wa serikali wanashauriwa kuhudhuria mafunzo ya usalama wa mtandao.,0
Tangazo la nafasi za ajira katika sekta ya umma limetolewa rasmi leo.,0
Mkutano wa mawaziri utafanyika Ikulu wiki hii. Tafadhali thibitisha uhudhuri wako.,0
Zabuni za ujenzi wa hospitali mpya za serikali zitafunguliwa mwezi huu.,0
Ratiba ya mafunzo ya uongozi kwa wakurugenzi imetumwa kupitia barua pepe rasmi.,0
Fomu za tathmini ya utendaji kazi zinapatikana sasa katika mfumo wa HRMS.,0
Taarifa ya robo mwaka ya wizara imetumwa kwa wakurugenzi wote kwa mapitio.,0
Ofisi ya Rais inatangaza mkutano maalum wa wadau wa maendeleo Dar es Salaam.,0
Mapitio ya mshahara wa mwaka 2024 yamekamilika na yatatekelezwa mwezi ujao.,0
Tafadhali thibitisha mahali utakapohudhuria mafunzo kupitia mfumo wa serikali.,0
Your NIDA account is about to expire. Click here to verify your details immediately.,1
Immediate action required: Reset your Ministry of Health login credentials now.,1
Security alert from eGA: Your email has been flagged. Re-authenticate here immediately.,1
TCRA system detected an unauthorized login attempt. Confirm your identity now.,1
Your government payroll information needs urgent verification to avoid suspension.,1
"You have received a confidential document. Login to download it before it expires.",1
Access your cabinet appointment letter here: secure-govtz-access.com,1
Your Tanzanian e-Gov ID will be disabled unless verified within 24 hours.,1
Ministry email quota exceeded. Click here to increase your storage limit now.,1
A bonus has been issued to your account. Confirm details to claim your payment.,1
URGENT: Your government email will be suspended in 24 hours. Click to prevent this.,1
"TRA tax refund of TSH 2,500,000 is pending. Submit your bank details to receive it.",1
Your HRMS password expires today. Click the link below to reset it immediately.,1
WARNING: Suspicious login detected on your official government account. Verify now.,1
The President's Office has selected you for a special appointment. Click to accept.,1
Your digital signature certificate has expired. Renew it here to avoid service disruption.,1
NIDA urgent notice: Identity verification required within 48 hours or account locked.,1
Ministry of Finance salary slip available. Login at gov-payslip-tz.net immediately.,1
You have a pending document from State House. Click to view and sign before deadline.,1
Security breach detected in government network. Reset your credentials immediately.,1
"Congratulations! Your promotion has been approved. Login to confirm your new grade.",1
eGA system upgrade requires all staff to re-register credentials by this Friday.,1
TCRA has issued a compliance fine against you. Pay online now to avoid legal action.,1
Your retirement benefit is ready for disbursement. Provide bank details to proceed.,1
PSC urgent: Complete your verification or your employment status will be suspended.,1
Your government VPN access will expire in 2 hours. Click here to renew it now.,1
Ministry IT department: Your account shows unusual activity. Reset your password now.,1
"You have won a government employee award of TSH 3,000,000. Claim your prize here.",1
eGA portal: Complete KYC verification immediately to maintain access to government services.,1
ALERT: Your biometric data needs re-enrollment. Click here to schedule your appointment.,1
Akaunti yako ya NIDA itafungwa kama hautathibitisha taarifa zako.,1
Bonyeza hapa kupokea mshahara wako kwa mwezi huu.,1
Umechaguliwa kushiriki mkutano wa kimataifa. Jisajili kwa haraka hapa.,1
TCRA imeshatuma ujumbe wa dharura. Fungua barua pepe yako kuthibitisha.,1
"Huduma ya TRA imefungwa kwa muda. Ili kurejeshwa, bonyeza kiungo hiki haraka.",1
Akaunti yako ya barua pepe ya serikali itafutwa ndani ya masaa 24. Thibitisha sasa.,1
"Umepata zawadi ya TSH 5,000,000 kutoka Ofisi ya Rais. Bonyeza hapa kudai.",1
Nenosiri lako la HRMS limekwisha muda wake. Bonyeza hapa kusasisha haraka.,1
Tahadhari: Mtu asiyejulikana ameingia akaunti yako. Thibitisha utambulisho wako sasa.,1
Pesa yako ya kustaafu iko tayari. Toa namba ya benki yako kupokea malipo.,1
Wizara ya Afya inakuhitaji kuthibitisha taarifa zako za bima haraka iwezekanavyo.,1
Folamu ya mapitio ya mshahara inakusubiri. Ingia sasa kwa kiungo hiki.,1
NIDA imegundua tatizo na kitambulisho chako. Thibitisha sasa au kitafungwa.,1
"Hongera! Umechaguliwa kwa nafasi ya juu serikalini. Bonyeza hapa kuthibitisha.",1
Akaunti yako ya e-Government itafungwa. Ingia sasa na nywila yako kuendelea.,1
Umepata ujumbe wa siri kutoka Ikulu. Bonyeza hapa kuona na kusaini haraka.,1
DHARURA: Taarifa zako za kitambulisho zinahitaji uthibitisho ndani ya saa 12.,1
Mfumo wa TCRA umegundua tatizo la usalama. Thibitisha nywila yako sasa.,1
"Zawadi yako ya mwisho wa mwaka ipo tayari. Toa taarifa za benki yako kupokea.",1
Barua pepe yako ya serikali itasimamishwa. Bonyeza hapa kuzuia hilo kutokea.,1
